{"cameraMode":{"drawMode":0,"name":"Shaded","section":"Shading Mode"},"sceneLighting":true,"audioPlay":false,"sceneViewState":{"showFog":true,"showMaterialUpdate":false,"showSkybox":true,"showFlares":true,"showImageEffects":true,"showParticleSystems":true,"showVisualEffectGraphs":true,"m_FxEnabled":true},"in2DMode":false,"pivot":{"x":-0.1526690125465393,"y":2.049039840698242,"z":-0.18123120069503785},"rotation":{"x":-0.002222915645688772,"y":0.9973475933074951,"z":-0.03473159298300743,"w":-0.06411822885274887},"size":1.9666800498962403,"orthographic":false}