{"cameraMode":{"drawMode":0,"name":"Shaded","section":"Shading Mode"},"sceneLighting":true,"audioPlay":false,"sceneViewState":{"showFog":true,"showMaterialUpdate":false,"showSkybox":true,"showFlares":true,"showImageEffects":true,"showParticleSystems":true,"showVisualEffectGraphs":true,"m_FxEnabled":true},"in2DMode":false,"pivot":{"x":0.49351245164871218,"y":-16.827573776245118,"z":26.971765518188478},"rotation":{"x":-0.31576117873191836,"y":-0.01651240698993206,"z":0.005496370606124401,"w":-0.9486780762672424},"size":16.753807067871095,"orthographic":false}