{"cameraMode":{"drawMode":0,"name":"Shaded","section":"Shading Mode"},"sceneLighting":true,"audioPlay":false,"sceneViewState":{"showFog":true,"showMaterialUpdate":false,"showSkybox":true,"showFlares":true,"showImageEffects":true,"showParticleSystems":true,"showVisualEffectGraphs":true,"m_FxEnabled":true},"in2DMode":false,"pivot":{"x":-0.18482893705368043,"y":-1.8684911727905274,"z":10.218475341796875},"rotation":{"x":-0.18077833950519563,"y":0.018289798870682718,"z":-0.0033624989446252586,"w":-0.9833492636680603},"size":6.026211738586426,"orthographic":false}