{"cameraMode":{"drawMode":0,"name":"Shaded","section":"Shading Mode"},"sceneLighting":true,"audioPlay":false,"sceneViewState":{"showFog":true,"showMaterialUpdate":false,"showSkybox":true,"showFlares":true,"showImageEffects":true,"showParticleSystems":true,"showVisualEffectGraphs":true,"m_FxEnabled":true},"in2DMode":false,"pivot":{"x":1.3316318988800049,"y":2.0483462810516359,"z":3.9239308834075929},"rotation":{"x":0.25896739959716799,"y":-0.5602062940597534,"z":0.1900058090686798,"w":0.7635111808776856},"size":2.8671436309814455,"orthographic":false}