{"cameraMode":{"drawMode":0,"name":"Shaded","section":"Shading Mode"},"sceneLighting":true,"audioPlay":false,"sceneViewState":{"showFog":true,"showMaterialUpdate":false,"showSkybox":true,"showFlares":true,"showImageEffects":true,"showParticleSystems":true,"showVisualEffectGraphs":true,"m_FxEnabled":true},"in2DMode":false,"pivot":{"x":-0.03973397612571716,"y":2.4740095138549806,"z":-0.14943695068359376},"rotation":{"x":0.1834300011396408,"y":0.01621922291815281,"z":-0.003026870544999838,"w":0.9828934669494629},"size":1.1017298698425294,"orthographic":false}