{"cameraMode":{"drawMode":0,"name":"Shaded","section":"Shading Mode"},"sceneLighting":true,"audioPlay":false,"sceneViewState":{"showFog":true,"showMaterialUpdate":false,"showSkybox":true,"showFlares":true,"showImageEffects":true,"showParticleSystems":true,"showVisualEffectGraphs":true,"m_FxEnabled":true},"in2DMode":false,"pivot":{"x":1.8802752494812012,"y":2.9205989837646486,"z":-0.04002094268798828},"rotation":{"x":0.1834300011396408,"y":0.01621922291815281,"z":-0.003026870544999838,"w":0.9828934669494629},"size":1.1017298698425294,"orthographic":false}