{"cameraMode":{"drawMode":0,"name":"Shaded","section":"Shading Mode"},"sceneLighting":false,"audioPlay":false,"sceneViewState":{"showFog":true,"showMaterialUpdate":false,"showSkybox":false,"showFlares":true,"showImageEffects":true,"showParticleSystems":true,"showVisualEffectGraphs":true,"m_FxEnabled":true},"in2DMode":false,"pivot":{"x":11.114404678344727,"y":24.710905075073243,"z":-10.638476371765137},"rotation":{"x":-0.1713424175977707,"y":-0.31394433975219729,"z":0.057725291699171069,"w":-0.9320390224456787},"size":0.8660253882408142,"orthographic":false}