{"cameraMode":{"drawMode":0,"name":"Shaded","section":"Shading Mode"},"sceneLighting":false,"audioPlay":false,"sceneViewState":{"showFog":true,"showMaterialUpdate":false,"showSkybox":false,"showFlares":true,"showImageEffects":true,"showParticleSystems":true,"showVisualEffectGraphs":true,"m_FxEnabled":true},"in2DMode":false,"pivot":{"x":11.114404678344727,"y":24.710905075073243,"z":-10.638476371765137},"rotation":{"x":-0.23706430196762086,"y":0.17289571464061738,"z":-0.04291501268744469,"w":-0.9550276398658752},"size":0.8660253882408142,"orthographic":false}