{"cameraMode":{"drawMode":0,"name":"Shaded","section":"Shading Mode"},"sceneLighting":true,"audioPlay":false,"sceneViewState":{"showFog":true,"showMaterialUpdate":false,"showSkybox":true,"showFlares":true,"showImageEffects":true,"showParticleSystems":true,"showVisualEffectGraphs":true,"m_FxEnabled":true},"in2DMode":false,"pivot":{"x":1.7507283687591553,"y":-0.2961471676826477,"z":7.898642539978027},"rotation":{"x":-0.15427349507808686,"y":-0.22979268431663514,"z":0.036932121962308887,"w":-0.9601988196372986},"size":5.835004806518555,"orthographic":false}